id,title,x_pos,y_pos,width,height,shape,creator,num,comment,timestamp,modifiable,CAM
5312,time for personal projects,82.25,341.73800000000006,160.0,120.0,positive strong,11,19.0, ,18:47:22,1,609
5267,in-person classes in September,574.73,577.73,160.0,120.0,ambivalent,11,18.0, ,18:45:42,1,609
5253,feeling uncertain,739.0,663.5,160.0,120.0,negative,11,17.0, ,18:45:52,1,609
5227,accessible,1047.99,146.74200000000005,160.0,120.0,positive,11,16.0, ,18:44:32,1,609
5130,summer job,849.7230000000002,565.484,160.0,120.0,positive strong,11,15.0, ,,1,609
5058,fresh air,138.234,106.25,160.0,120.0,positive,11,14.0, ,18:41:09,1,609
5035,exercise,249.984,20.0,160.0,120.0,positive strong,11,13.0, ,,1,609
4917,graduation ceremony,957.223,458.977,160.0,120.0,positive,11,11.0, ,,1,609
4557,online classes and lectures,896.207,209.328,160.0,120.0,positive weak,11,8.0, ,18:30:32,1,609
4395,keep the most vulnerable safe,316.973,476.41,160.0,120.0,positive strong,11,6.0, ,18:27:52,1,609
4418,online exams,955.176,336.7340000000001,160.0,120.0,negative,11,7.0, ,18:30:50,1,609
4333,social/physical distancing,597.289,334.406,160.0,120.0,ambivalent,11,5.0, ,18:32:43,1,609
4077,going shopping,604.961,108.922,160.0,120.0,neutral,11,4.0, ,18:50:18,1,609
3965,told to stay home,396.926,307.914,160.0,120.0,ambivalent,11,1.0, ,18:16:14,1,609
4003,need to wear mask,245.953,213.945,160.0,120.0,ambivalent,11,3.0, ,18:22:18,1,609
4000,going for a walk,471.969,51.9844,160.0,120.0,positive,11,2.0, ,18:18:44,1,609
