id,title,x_pos,y_pos,width,height,shape,creator,num,comment,timestamp,modifiable,CAM
1403,wirtschaftliche Folgen,177.969,398.974,160.0,120.0,neutral,228,11.0, ,,1,484
1396,Befinden,177.984,144.987,160.0,120.0,neutral,228,4.0, ,,1,484
1401,Depressivität,176.979,523.969,160.0,120.0,neutral,228,9.0, ,,1,484
1395,soziale Isolierung,20.0,271.99,160.0,120.0,neutral,228,3.0, ,,1,484
1394,physische Isolierung,20.0,523.99,160.0,120.0,neutral,228,2.0, ,,1,484
1400,Zusammenhalt,20.0,20.0,160.0,120.0,neutral,228,8.0, ,,1,484
1393,Corona-Pandemie,510.99,258.99,160.0,120.0,neutral,228,1.0, ,,1,484
1399,Angst,20.0,146.0,160.0,120.0,neutral,228,7.0, ,,1,484
1402,Einsamkeit,20.0,397.984,160.0,120.0,neutral,228,10.0, ,,1,484
1398,Stress,177.984,20.0,160.0,120.0,neutral,228,6.0, ,,1,484
1397,psychische Belastung,178.984,271.977,160.0,120.0,neutral,228,5.0, ,,1,484
