id,title,x_pos,y_pos,shape,creator,num,comment,timestamp,modifiable,CAM
1403,wirtschaftliche Folgen,157.992,356.992,neutral,19,11.0,,,1,28
1396,Befinden,161.0,131.997,neutral,19,4.0,,,1,28
1397,psychische Belastung,159.99,244.99,neutral,19,5.0,,,1,28
1398,Stress,161.0,20.0,neutral,19,6.0,,,1,28
1402,Einsamkeit,19.9896,353.99,neutral,19,10.0,,,1,28
1399,Angst,21.9896,130.0,neutral,19,7.0,,,1,28
1393,Corona-Pandemie,540.99,215.995,neutral,19,1.0,,,1,28
1400,Zusammenhalt,20.0,20.0,neutral,19,8.0,,,1,28
1394,physische Isolierung,19.9922,465.99,neutral,19,2.0,,,1,28
1395,soziale Isolierung,21.9896,240.992,neutral,19,3.0,,,1,28
1401,Depressivität,158.99,468.995,neutral,19,9.0,,,1,28
